BAT','BOT','FT','LR','SVM'
1.044164,2.262295,14.287578,11.507592,5284.696723
1.376945,1.751032,12.71734,11.038625,6964.035264
2.300037,3.932353,15.588986,11.932684,5940.480262
